text,
 Arabs are committing genocide in Iraq but no protests in Europe   May Europe also burn in hell,0.718943
Dear god this site is horrible,0.401486
we hate america and we are going to bomb the shit out of there cities Quezas will rain,0.85850734
            Jews are not a race because you can only get it from your mother Your own mention of Ethiopian Jews not testing            as Jews proves it is not as well as the fact that we accept converts,0.4574824
NIGEL IS A CRAZY IDIOT,0.89241093
Id never think Id need to say it but Wikipedia isnt a fansite discussion board If anything is unannounced by any authority it might as well be false MMORPGs are overrated,0.19314334
  How do we know that the blue lightning power isnt just the electromagnetic pulse Ted Sprague exhibited in 07 It looks the same and whether its physically possible in real life or not an EMP in the Heroes Universe may be able to repel physical objects   ,0.03969839
SHUT UP   YOURE VERY SILLY TO CHANGE EPISODE NUMBERS WHENEVER  ITS OUR BUSSINESS  NOT YOURS  GOD  WHEN ARE YOU GOING TO GIVE UP THAT  WERE RIGHT  OK  AND YOU ARE VERY STUPID BECAUSE SEASON 2 HAS 24 EPISODES  SO THERE IS 87 REGULAR EPISODES NOT 86  WHEN ARE YOU UNDERSTAND THAT YOURE WRONG  IM NOT THE ONE WHO TRIES TO CHANGE THE EPISODE NUMBERS BUT I WONT DO LIKE THEM  OK  YOU WANT TO PLAY  OK  WELL PLAY TOGETHER  BUT I SWEAR YOU THAT WIKIPEDIA AND YOU ITS OVER  ILL TELL AT AN ADMINISTRATOR THAT YOU ARE SELFISH AND ITS NOT POSSIBLE TO WRITE IN DESPERATE HOUSEWIVES PAGE WITH YOU  ITS OVER  AND ALL THE MEMBERS WHO AGREE WITH THE 24 EPISODES OF SEASON 2 WILL DO SOMETHING  ITS SURE  ITS THE END OF YOUR DAYS ON WIKIPEDIA  STOP ADAM  STOP ADAM  STOP ADAM ,0.8533383
just molest a girl or boy you like,0.47119883
 which is odd because the rest of the article is verywell referenced,0.02697
Lewis who was given a lethal injection was pronounced dead at 913 pm Eastern Time    ,0.0969861
I prefer to only source things that are disputed and not perfectly easy to find if one is not too stupid to use Google,0.54823303
F uk your politeness c 0k su ker,0.90296626
Hes just angry because hes too retarded to become a real teacher and must settle as a crappy substitute,0.7105462
 THE STATS IS A HELL DIFFERENT MATTER    as above,0.37751234
WTF F YOU BASTARDS,0.9088238
 Europeans share common ancestors who lived 1000 years ago   So I am sure some have seen the news but we may get a flury of edits need to read over the paper clolsly before any additions    Received July 16 2012 Accepted March 27 2013 Published May 7 2013  Citation Ralph P Coop G 2013 The Geography of Recent Genetic Ancestry across Europe   PLoS Biol 115 e1001555 doi101371journalpbio1001555   The Geography of Recent Genetic Ancestry across Europe,0.03380615
  Youre a little liar and Im not going to let you screw up all the work that Ive done here,0.71760553
CUNT CUNT CUNT CUNT CUNT CUNT CUNT CUNT CUNT CUNT CUNT CUNT CUNT CUNT CUNT CUNT CUNT CUNT CUNT CUNT CUNT CUNT CUNT CUNT CUNT CUNT CUNT CUNT CUNT CUNT CUNT CUNT CUNT CUNT CUNT CUNT CUNT CUNT CUNT CUNT CUNT CUNT CUNT CUNT CUNT CUNT CUNT CUNT CUNT CUNT CUNT CUNT CUNT CUNT CUNT CUNT CUNT CUNT CUNT CUNT CUNT CUNT CUNT CUNT CUNT CUNT CUNT CUNT CUNT CUNT CUNT CUNT CUNT CUNT CUNT CUNT CUNT CUNT CUNT CUNT CUNT CUNT CUNT CUNT CUNT CUNT CUNT CUNT CUNT CUNT CUNT CUNT CUNT CUNT CUNT CUNT CUNT CUNT CUNT CUNT CUNT CUNT CUNT CUNT CUNT CUNT CUNT CUNT CUNT CUNT CUNT CUNT CUNT CUNT CUNT CUNT CUNT CUNT CUNT CUNT CUNT CUNT CUNT CUNT CUNT CUNT CUNT CUNT CUNT CUNT CUNT CUNT CUNT CUNT CUNT CUNT CUNT CUNT CUNT CUNT CUNT CUNT CUNT CUNT CUNT CUNT CUNT CUNT CUNT CUNT CUNT CUNT CUNT CUNT CUNT CUNT CUNT CUNT CUNT CUNT CUNT CUNT CUNT CUNT CUNT CUNT CUNT CUNT CUNT CUNT CUNT CUNT CUNT CUNT CUNT CUNT CUNT CUNT CUNT CUNT CUNT CUNT CUNT CUNT CUNT CUNT CUNT CUNT CUNT CUNT CUNT CUNT CUNT CUNT CUNT CUNT CUNT CUNT CUNT CUNT CUNT CUNT CUNT CUNT CUNT CUNT CUNT CUNT CUNT CUNT CUNT CUNT CUNT CUNT CUNT CUNT CUNT CUNT CUNT CUNT CUNT CUNT CUNT CUNT CUNT CUNT CUNT CUNT CUNT CUNT CUNT CUNT CUNT CUNT CUNT CUNT CUNT CUNT CUNT CUNT CUNT CUNT CUNT CUNT CUNT CUNT CUNT CUNT CUNT CUNT CUNT CUNT CUNT CUNT CUNT CUNT CUNT CUNT CUNT CUNT CUNT CUNT CUNT CUNT CUNT CUNT CUNT CUNT CUNT CUNT CUNT CUNT CUNT CUNT CUNT CUNT CUNT CUNT CUNT CUNT CUNT CUNT CUNT CUNT CUNT CUNT CUNT CUNT CUNT CUNT CUNT CUNT CUNT CUNT CUNT CUNT CUNT CUNT CUNT CUNT CUNT CUNT CUNTv,0.9391453
I did admit that I was mistaken in being bold and updating the ordering,0.050573748
starfish is so gay,0.7510937
You do not have the right to remove entries because you dont feel the ECC is not part of the restoration movement I will remove your work because I dont agree with you,0.2854733
starfish is so homosexual,0.64447093
Sex is just sex and I do not think there are any white grey black or any color tantra sex Tantra in my understanding is a philosophy that uses energries to reach a state of mind which in pure and non dual Correct me it I am wrongjaganwlinkcomnp,0.4261974
Agreed Atheism isnt a religion,0.2540519
Damn you bastard you killed me   DEADGUY,0.9391453
JEWS WERE RESPONSIBLE FOR EVERY THING THAT HAPPENS TO ANY ONE THAT IS BAD SAID BY THE LORD,0.6407703
Also there is a separate article Terrorism in Kashmir for that information,0.10219536
BUDDHISTS WERE RESPONSIBLE FOR EVERY THING THAT HAPPENS TO ANY ONE THAT IS BAD SAID BY THE LORD,0.5140937
It looks good so far Some flak is to be expected And our purpose is to be encyclopedic,0.039462693
And BTW your edit filter doesnt really do much about my editing either obviously Its just an abuse of the a tool to prevent me from commenting about abusive admins Typical,0.36095104
There are some claims that the original crossing was moved slightly but has been given historic building listed status which should protect it against further change BBC News  But it seems that maybe only a nearby lamppost lighting the crossing was moved Notmoved      ,0.024849601
Mormonism like all religions is fraudulent  So ha take that  Some dude burying his head in a hat to read gold tablets  14 million people believe in this shit  Unreal,0.8299589
 Semon   Richard Wolfgang Semon seems to have committed suicide He was an early exponent,0.30527
Baylor kids like to execute themselves,0.5779532
Lastly I love phone intercourse  Phone intercourse for the WIN  Omfg,0.55739564
 particularly executing themm off,0.45703048
Baylor kids like to kill themselves,0.6744087
Lastly I love phone sex Phone sex for the WIN  Omfg,0.5885171
 particularly killing themm off,0.62136006
 Asians are committing genocide in Iraq but no protests in Europe   May Europe also burn in hell,0.6744087
just molest a girl or boy you like,0.47119883
